ID,TEXTO
1054510166178234370,"En vez de yo tambi√©n pondr√© #MeToo solo por el emotic√≥n ese"
1054509910598320129,"RT @pedromozasrello: Gran duelo interpretativo de Close y Pryce. Nunca es tarde para alzar la voz. Lo malo es que, en estos tiempos del #Me‚Ä¶"
1054509150447824903,"RT @merthGar: üò¢
Estoy llorando, no puedo con esto. 
#MeToo 
¬øA los hombres tambi√©n les pasa eso? https://t.co/HWOlZkruWq"
1054508516180979713,"RT @decimeay: Y en la UNA persisten los hechos de acoso y otras formas de violencia hacia las mujeres... Con total impunidad se persigue a‚Ä¶"
1054507599977201664,"RT @fisioterricola: M√°s vale tarde...Historias fisioter√°picas: #metoo https://t.co/UhIagbK0w6"
1054506757370904576,"#feminista promedio en un d√≠a cualquiera. https://t.co/2YYMyNMQST"
1054503267269558272,"Animo a todas las profesionales que lo sufren a tomar medidas, a dar visibilidad. No solo se nos desacredita person‚Ä¶ https://t.co/hGFwc4tDKL"
1054501716278808578,"El #MeToo llega a Fisioterapia: "Me han pedido 'final feliz' varias veces" https://t.co/NaG5RyaDFX"
1054501611668680704,"En #Gijon estamos de suerte!! #feminista
https://t.co/mq9ofTabjX"
1054498309426106369,"Nunca subestimes a una mujer...
#Feminism #Feminista #GirlPower üí™üí™‚úåÔ∏è‚úåÔ∏èüòΩüòΩ"
1054494597798354944,"RT @mov_jupsin: As√≠ es #NsawyaFM, la #emisoraclandestina que combate la #represi√≥n #machista en #ArabiaSaud√≠: 'Somos la mayor√≠a silenciosa'‚Ä¶"
1054493526329905152,"RT @fisioterricola: M√°s vale tarde...Historias fisioter√°picas: #metoo https://t.co/UhIagbK0w6"
1054492070474366976,"RT @pacodamas: @pacodamas  canta junto a la @Shicaboom el poema !Ya! de #Mar√≠aZambrano en su disco #LasSinsombrero . Un canto y un poema qu‚Ä¶"
1054490704670547968,"RT @libertaria_2: A q hora son las manifestaciones contra esta nueva agresion sexual?

D√≥nde est√°n la del #MeToo ?
D√≥nde est√°n las feminazi‚Ä¶"
1054487584888578048,"Movimiento #MeToo, un aliado contra el acoso sexual en la India https://t.co/FBJqaTFr9h https://t.co/q32euDtybi"
1054485537862627329,"RT @fisioterricola: M√°s vale tarde...Historias fisioter√°picas: #metoo https://t.co/UhIagbK0w6"
1054485100832964609,"Las falsedades del movimiento #Metoo, o el negocio de hacerte la v√≠ctima, https://t.co/iYpeKa26mp"
1054483883402629121,"RT @GusMunita: #Feminista en estado puro. #Abortera en estado puro.
Una Pelotuda en pocas plabras. Ojo!! Esta gente vota! https://t.co/q1YV‚Ä¶"
1054483530481364994,"RT @titevera: Chicas, aqu√≠ con @naoakitaa queremos armar un hilo colaborativo de filtros para espantar machirulos desde la primera cita. Fa‚Ä¶"
1054483420221456390,"#MeToo jajaja https://t.co/vTF7qpgOgD"
1054483116679720961,"El #MeToo llega a Fisioterapia: "Me han pedido 'final feliz' varias veces"
No encuentro palabras para expresar mi r‚Ä¶ https://t.co/0GTMqg3LLu"
1054482982302556162,"RT @RoFerrerIlustra: #Feminista. Y no hay marcha atr√°s...
#SeraLey 
@CampAbortoLegal https://t.co/0QroSVtSQ6"
1054482777196912642,"Quiero caminar sin miedo a que me secuestren, quiero poder vestirme como se me cante sin miedo a que digan comentar‚Ä¶ https://t.co/FO1GK2WJ4b"
1054482217261588481,"RT @afeministaparis: V√≠a #Simplementeellas y @FeMiGrantxs:  La ilustraci√≥n viene del estudio de la plataforma de dise√±o revolucionario La B‚Ä¶"
1054482114912100354,"#Feminista en estado puro. #Abortera en estado puro.
Una Pelotuda en pocas plabras. Ojo!! Esta gente vota! https://t.co/q1YVZDHSqS"
1054482096020955136,"RT @zamirafagre: "El feminismo es una moda de adolescentes"  #NiUnaMenos #AbortoLegalYa #feminismo #feminista https://t.co/apOofFHHB2"
1054481490606723075,"Qu√® noche m√†s bonita con @ECAES que nos di√≥ una lecci√≥n de #metoo y que gracias a la ayuda de Manuel Nieto su direc‚Ä¶ https://t.co/qjGymGdMoU"
1054480047992651777,"RT @fisioterricola: M√°s vale tarde...Historias fisioter√°picas: #metoo https://t.co/UhIagbK0w6"
1054479119549906945,"@xmariewayx Los super machos son muy showseros con su pose masculina; se la pasan mir√°ndole el culo a las viejas, p‚Ä¶ https://t.co/5DZDMSQyzK"
1054479116379000832,"RT @VanessaRosales_: Hace un tiempo m√°s largo recomend√© tambi√©n:
‚Ä¢ She‚Äôs Beautiful When She‚Äôs Angry (sobre algunas hero√≠nas de la Segunda O‚Ä¶"
1054478884056559621,"RT @mtgarcia82: @jmcamachooros Estoy contigo, no me gusta nada, solamente comparto enlace de @Hora_Digital y la noticia #machista por lo qu‚Ä¶"
1054477386383798273,"RT @ajplusespanol: Las mujeres en #India alzan la voz y exigen el fin de una cultura de acoso y agresi√≥n sexual. 

Personajes de alto perfi‚Ä¶"
1054477382428606465,"RT @YoPianoPiano: Te meten antes a la c√°rcel por opinar, que por violar y maltratar.
#OTDirecto22OCT #MarioCasasEH #GHVIP√öltimaHora6 #Catal‚Ä¶"
1054477079637643270,"Te meten antes a la c√°rcel por opinar, que por violar y maltratar.
#OTDirecto22OCT #MarioCasasEH #GHVIP√öltimaHora6‚Ä¶ https://t.co/n3JpvRJMsM"
1054474162163597312,"RT @CNTValladolid: El movimiento #feminista tiene esto preparado para esta semana en #Valladolid #Pucela.

#Feminismo https://t.co/3ld0GBFG‚Ä¶"
1054473451359137798,"RT @titevera: Chicas, aqu√≠ con @naoakitaa queremos armar un hilo colaborativo de filtros para espantar machirulos desde la primera cita. Fa‚Ä¶"
1054472770841653253,"RT @titevera: Chicas, aqu√≠ con @naoakitaa queremos armar un hilo colaborativo de filtros para espantar machirulos desde la primera cita. Fa‚Ä¶"
1054472299192242177,"@Destaquito2 #metoo achilles injury‚ÄØ ‚òπÔ∏è"
1054472178060718081,"RT @CNTValladolid: El movimiento #feminista tiene esto preparado para esta semana en #Valladolid #Pucela.

#Feminismo https://t.co/3ld0GBFG‚Ä¶"
1054472005997809669,"RT @titevera: Chicas, aqu√≠ con @naoakitaa queremos armar un hilo colaborativo de filtros para espantar machirulos desde la primera cita. Fa‚Ä¶"
1054471120991207429,"RT @FundSantillana: La presidenta de la Asociaci√≥n de Mujeres Escritoras e Ilustradoras #CarmenPeire presentar√° el debate #Metoo americanas‚Ä¶"
1054470998052007938,"RT @merthGar: üò¢
Estoy llorando, no puedo con esto. 
#MeToo 
¬øA los hombres tambi√©n les pasa eso? https://t.co/HWOlZkruWq"
1054466915127693312,"RT @PURIxVILADCANS: El #MeToo tb ha llegado a la India. #NoTeCalles #Denuncia el acoso #Viladecans https://t.co/WRwgdg5DZq"
1054466773632905218,"RT @libertaria_2: A q hora son las manifestaciones contra esta nueva agresion sexual?

D√≥nde est√°n la del #MeToo ?
D√≥nde est√°n las feminazi‚Ä¶"
1054466038887264261,"RT @LauraD_Ayuso: Esto s√≠ es importante. Todos los sectores lo padecen, pero los hay m√°s propensos. Por eso hay que denunciarlo... El #MeTo‚Ä¶"
1054465689170403328,"RT @Virico_: El #MeToo llega a Fisioterapia: "Me han pedido 'final feliz' varias veces" #metooFISIO https://t.co/yVb7KkXesa"
1054464821683503104,".@pandemona y @mkruz de @Twitter hablan de la plataforma como producto que marca el ritmo de los sucesos sociales d‚Ä¶ https://t.co/6PDMKaxXOg"
1054464001126662144,"RT @merthGar: üò¢
Estoy llorando, no puedo con esto. 
#MeToo 
¬øA los hombres tambi√©n les pasa eso? https://t.co/HWOlZkruWq"
1054463745907404805,"Y yo tambi√©n se lo digo a la m√≠a!!!gracias mam√° por hacerme guapa, lista, pero sobretodo #feminista https://t.co/vG0KVtYRAG"
1054463445217804289,"RT @fisioterricola: M√°s vale tarde...Historias fisioter√°picas: #metoo https://t.co/UhIagbK0w6"
1054463185519108097,"RT @ajplusespanol: Las mujeres en #India alzan la voz y exigen el fin de una cultura de acoso y agresi√≥n sexual. 

Personajes de alto perfi‚Ä¶"
1054461077503832065,"@argfeb76 @MasDeUno @LaCultureta @sergiodelmolino Un rotundo #metoo"
1054460958054195211,""Varios llamaron al #MeToo una ‚Äúcacer√≠a de brujas‚Äù en un intento por neutralizar al movimiento. Fue una instancia e‚Ä¶ https://t.co/P6tQoH3QEq"
1054460703225065474,"@zubietahouse @lopezdoriga #abortolegalseguroygratuito 

Todas #NiUnaMas #MeToo"
1054460337402101764,"RT @Escarolota: Belleza eres t√∫. #inktoberfeminista D√çA 22 - #belleza .
.
You are beauty. #feministinktober DAY 22 - #beauty .
#escarolota‚Ä¶"
1054458845894971393,"RT @Escarolota: Belleza eres t√∫. #inktoberfeminista D√çA 22 - #belleza .
.
You are beauty. #feministinktober DAY 22 - #beauty .
#escarolota‚Ä¶"
1054458818409783297,"#MejorVivasQueCatrinas: Del #MeToo al #DiadeMuertas en #M√©xico via @El_Plural @LeequidMagazine https://t.co/JpQQ7Y4PRE"
1054458811933749248,"RT @fisioterricola: M√°s vale tarde...Historias fisioter√°picas: #metoo https://t.co/UhIagbK0w6"
1054458646464212992,"RT @ajplusespanol: Las mujeres en #India alzan la voz y exigen el fin de una cultura de acoso y agresi√≥n sexual. 

Personajes de alto perfi‚Ä¶"
1054457346393628673,"RT @FundSantillana: La presidenta de la Asociaci√≥n de Mujeres Escritoras e Ilustradoras #CarmenPeire presentar√° el debate #Metoo americanas‚Ä¶"
1054457265594478592,"RT @titevera: Chicas, aqu√≠ con @naoakitaa queremos armar un hilo colaborativo de filtros para espantar machirulos desde la primera cita. Fa‚Ä¶"
1054456406043168769,"Esos jueces.. 

Francisco Javier Mart√≠nez Derqui ante el Consejo General de Poder Judicial humilla a sus defendidas‚Ä¶ https://t.co/YUpxUvQple"
1054455706672336896,"RT @FundSantillana: Ma√±ana 23 oct a 19h continua II #FestivaldeFilosof√≠a: #Metoo americanas contra libertinas francesas en #CentroCulturalL‚Ä¶"
1054455164340527105,"La #inteligenciaartificial tambi√©n puede ser #machista, y este programa lo demuestra https://t.co/saJzSokgdF v√≠a‚Ä¶ https://t.co/ZEBzAULIdv"
1054452767023095809,"Por desgracia una realidad #MeToo #metoofisio para concienciar hay que visibilizar https://t.co/quuXBzuIQS"
1054452647766491141,"RT @titevera: Chicas, aqu√≠ con @naoakitaa queremos armar un hilo colaborativo de filtros para espantar machirulos desde la primera cita. Fa‚Ä¶"
1054451884356816896,"RT @libertaria_2: A q hora son las manifestaciones contra esta nueva agresion sexual?

D√≥nde est√°n la del #MeToo ?
D√≥nde est√°n las feminazi‚Ä¶"
1054451497868636161,"As√≠ es #NsawyaFM, la #emisoraclandestina que combate la #represi√≥n #machista en #ArabiaSaud√≠: 'Somos la mayor√≠a sil‚Ä¶ https://t.co/e864Y9DWuN"
1054451150836191232,"RT @titevera: Chicas, aqu√≠ con @naoakitaa queremos armar un hilo colaborativo de filtros para espantar machirulos desde la primera cita. Fa‚Ä¶"
1054451088303292416,"RT @libertaria_2: A q hora son las manifestaciones contra esta nueva agresion sexual?

D√≥nde est√°n la del #MeToo ?
D√≥nde est√°n las feminazi‚Ä¶"
1054450364827820035,"El #metooFISIO est√° visibilizando cantidad de situaciones zafias, de tensi√≥n injustificada, de abuso... Cu√°ntos col‚Ä¶ https://t.co/90Hu42hHry"
1054450270871138305,"RT @libertaria_2: A q hora son las manifestaciones contra esta nueva agresion sexual?

D√≥nde est√°n la del #MeToo ?
D√≥nde est√°n las feminazi‚Ä¶"
1054450062888185857,"#MeToo: "Primer a√±o de un fen√≥meno viral
En medio de un clima reivindicativo, el fen√≥meno de un hashtag que es dign‚Ä¶ https://t.co/T4hDeEn7y8"
1054449076102746112,"Belleza eres t√∫. #inktoberfeminista D√çA 22 - #belleza .
.
You are beauty. #feministinktober DAY 22 - #beauty .‚Ä¶ https://t.co/rzdG3kXZjA"
1054448335623462913,"Hace un tiempo m√°s largo recomend√© tambi√©n:
‚Ä¢ She‚Äôs Beautiful When She‚Äôs Angry (sobre algunas hero√≠nas de la Segund‚Ä¶ https://t.co/Xq0lCx2FGI"
1054447397886181383,"RT @CNTValladolid: El movimiento #feminista tiene esto preparado para esta semana en #Valladolid #Pucela.

#Feminismo https://t.co/3ld0GBFG‚Ä¶"
1054447297889624064,"Comienza nuestra semana de #ManoasLectoras con @ConstanzaHernn7, hablaremos de una #poeta y novelista de las m√°s im‚Ä¶ https://t.co/8W7M4Ei36W"
1054447041932419073,"@MarlonPachecoS Deshazte del gobierno el Abusador de prostitutas menores 
#Men√©ndez
#MeToo DONDE EST√ÅN USTEDES?!?!‚Ä¶ https://t.co/ihN7d8yIQI"
1054446189888839682,"RT @titevera: Chicas, aqu√≠ con @naoakitaa queremos armar un hilo colaborativo de filtros para espantar machirulos desde la primera cita. Fa‚Ä¶"
1054446179277307906,"RT @titevera: Chicas, aqu√≠ con @naoakitaa queremos armar un hilo colaborativo de filtros para espantar machirulos desde la primera cita. Fa‚Ä¶"
1054446045516759040,"RT @KojudoReloaded: Otra raz√≥n por la que ser #Feminista es sin√≥nimo de deficiencia enzim√°tica del tipo Alfa L-idurodinasa (Google it?!) ht‚Ä¶"
1054443601525161985,"RT @fisioterricola: M√°s vale tarde...Historias fisioter√°picas: #metoo https://t.co/UhIagbK0w6"
1054440234115579905,"RT @titevera: Chicas, aqu√≠ con @naoakitaa queremos armar un hilo colaborativo de filtros para espantar machirulos desde la primera cita. Fa‚Ä¶"
1054439617452302337,"Chicas, aqu√≠ con @naoakitaa queremos armar un hilo colaborativo de filtros para espantar machirulos desde la primer‚Ä¶ https://t.co/CL77VwyYbg"
1054436768018092032,"Poetas por Twitter vemos.
Abusadores por Telegram no sabemos.
Mi nombre es Eduardo y esta es mi historia #metoo https://t.co/0MUPhZdY7E"
1054435792007938049,"RT @EIBertaCaceres: II Encuentro de Cultura #Urbana #Feminista el 24/10/18 a las 18:30. Esta vez hablaremos del #graffiti, visibilizando a‚Ä¶"
1054435198396448768,"II Encuentro de Cultura #Urbana #Feminista el 24/10/18 a las 18:30. Esta vez hablaremos del #graffiti, visibilizand‚Ä¶ https://t.co/ey49sPNdif"
1054434674515288064,"RT @LauraD_Ayuso: Esto s√≠ es importante. Todos los sectores lo padecen, pero los hay m√°s propensos. Por eso hay que denunciarlo... El #MeTo‚Ä¶"
1054433957029253120,"El auge de las #FakeNews, el empoderamiento del consumidor, las brechas de seguridad y los movimientos como #Metoo‚Ä¶ https://t.co/u12PBm5lCj"
1054431995986620416,"RT @EvaLeandrez: @floareaboldea @ghoficial @telecincoes Flaco favor le est√°n haciendo a este muchacho ,cuando salga de la casa y se encuent‚Ä¶"
1054431752679313409,"@floareaboldea @ghoficial @telecincoes Flaco favor le est√°n haciendo a este muchacho ,cuando salga de la casa y se‚Ä¶ https://t.co/LdJcFTXW57"
1054429693296939009,"#MejorVivasQueCatrinas: Del #MeToo al #DiadeMuertas en #M√©xico. V√≠a @LeequidMagazine https://t.co/zAfwhknDqe https://t.co/nQHNeKX91b"
1054428572738355205,"RT @LauraD_Ayuso: Esto s√≠ es importante. Todos los sectores lo padecen, pero los hay m√°s propensos. Por eso hay que denunciarlo... El #MeTo‚Ä¶"
1054428416752214016,"RT @LauraD_Ayuso: Esto s√≠ es importante. Todos los sectores lo padecen, pero los hay m√°s propensos. Por eso hay que denunciarlo... El #MeTo‚Ä¶"
1054427841184587778,"RT @LauraD_Ayuso: Esto s√≠ es importante. Todos los sectores lo padecen, pero los hay m√°s propensos. Por eso hay que denunciarlo... El #MeTo‚Ä¶"
1054427113581875201,"RT @LauraD_Ayuso: Esto s√≠ es importante. Todos los sectores lo padecen, pero los hay m√°s propensos. Por eso hay que denunciarlo... El #MeTo‚Ä¶"
1054426156215222272,"RT @LauraD_Ayuso: Esto s√≠ es importante. Todos los sectores lo padecen, pero los hay m√°s propensos. Por eso hay que denunciarlo... El #MeTo‚Ä¶"
1054425582610665472,"Esto s√≠ es importante. Todos los sectores lo padecen, pero los hay m√°s propensos. Por eso hay que denunciarlo... El‚Ä¶ https://t.co/TiKL6WWceD"
1054424923794534402,"RT @semiramis_glez: Hoy mesa redonda #Feminista de Autogesti√≥n en las artes, a las 20 h., en @laquintita con Roc√≠o Mateo-Sagasta, Lucia Lij‚Ä¶"
1054423643122479104,"@Rebmangas sin ir mas lejos, el de derecho al voto no lo reconocieron hasta asegurar que las mujeres no ocasionaria‚Ä¶ https://t.co/FUzR6cGjAd"
